mdate,Latitude,Elev_m,Slope,AREAkm2,Corn_frac,Soybean_frac,Wheat_frac,Specialty_frac,Pasture_frac,Forest_frac,Urban_frac,Wetlands_frac,A_Frac,B_Frac,C_Frac,D_Frac,LAI,FERTkg_per_ha,Frac_Buffer,Frac_Subsurf_Place,PRECIPmm,PETmm,TMP_AVC,TMP_MXC,TMP_MNC,SOLAMJ_per_m2,FLOW_OUTcms,MINP_OUTkg,TOT_Nkg,TOT_Pkg,SED_OUTtons
2005-01-15,41.93409991,245.5068237,0.013823945,16540,0.271356522,0.280407712,0.205379037,0,0.077253853,0.074081119,0.072000189,0.019521569,0.048678151,0.084568589,0.430587132,0.436166128,0.185735684,0,0.318,0.091,138.0083156,16.85319439,-3.964225925,0.279063389,-8.207692685,7.924193842,641.2,244400,9767000,1343000,436700
2005-02-15,41.93409991,245.5068237,0.013823945,16540,0.271356522,0.280407712,0.205379037,0,0.077253853,0.074081119,0.072000189,0.019521569,0.048678151,0.084568589,0.430587132,0.436166128,0.187382812,0.023108407,0.318,0.091,56.62491622,26.03464714,-1.465025239,2.621158926,-5.55122175,12.43417695,326.8,109300,2295000,569300,95100
2005-03-15,41.93409991,245.5068237,0.013823945,16540,0.271356522,0.280407712,0.205379037,0,0.077253853,0.074081119,0.072000189,0.019521569,0.048678151,0.084568589,0.430587132,0.436166128,0.200656912,2.189412735,0.318,0.091,32.00589094,62.05144462,0.921801731,5.878999729,-4.035535336,16.20733365,159.7,33930,2146000,119700,30390
2005-04-15,41.93409991,245.5068237,0.013823945,16540,0.271356522,0.280407712,0.205379037,0,0.077253853,0.074081119,0.072000189,0.019521569,0.048678151,0.084568589,0.430587132,0.436166128,0.289987719,33.29862072,0.318,0.091,78.26159841,120.4144786,10.25156454,16.73126726,3.771557747,19.11769657,126.3,17880,3513000,37810,28960
2005-05-15,41.93409991,245.5068237,0.013823945,16540,0.325782307,0.363956858,0.067404105,0,0.077253853,0.074081119,0.072000189,0.019521569,0.048678151,0.084568589,0.430587132,0.436166128,0.335135581,5.154100161,0.318,0.091,43.35276221,123.6104654,13.35695727,19.72021884,6.99381408,22.16718295,63.71,13170,1867000,22490,7747
2005-06-15,41.93409991,245.5068237,0.013823945,16540,0.325782307,0.363956858,0.067404105,0,0.077253853,0.074081119,0.072000189,0.019521569,0.048678151,0.084568589,0.430587132,0.436166128,1.915222429,25.07391656,0.318,0.091,45.06774583,177.5664028,23.04027549,29.11700315,16.96335496,24.31861366,16.17,5409,319700,6355,439.5
2005-07-15,41.93409991,245.5068237,0.013823945,16540,0.325782307,0.363956858,0.067404105,0,0.077253853,0.074081119,0.072000189,0.019521569,0.048678151,0.084568589,0.430587132,0.436166128,3.142633365,0.945872738,0.318,0.091,127.4134688,168.4044336,23.51572524,29.51232967,17.51915597,21.75832853,64.64,14500,302200,27620,10100
2005-08-15,41.93409991,245.5068237,0.013823945,16540,0.325782307,0.363956858,0.067404105,0,0.077253853,0.074081119,0.072000189,0.019521569,0.048678151,0.084568589,0.430587132,0.436166128,1.486112274,2.247881444,0.318,0.091,70.56462684,188.9149245,22.78315241,28.84526014,16.72122551,23.10057745,24.25,5864,103300,8924,1207
2005-09-15,41.93409991,245.5068237,0.013823945,16540,0.325782307,0.363956858,0.067404105,0,0.077253853,0.074081119,0.072000189,0.019521569,0.048678151,0.084568589,0.430587132,0.436166128,0.288418157,0.163120991,0.318,0.091,114.1764287,124.4219797,19.49744401,26.24496221,12.75017705,18.31500829,65.82,13220,470400,24290,8576
2005-10-15,41.93409991,245.5068237,0.013823945,16540,0.287810728,0.326072621,0.143259922,0,0.077253853,0.074081119,0.072000189,0.019521569,0.048678151,0.084568589,0.430587132,0.436166128,0.150287382,16.80428398,0.318,0.091,22.84162628,100.0847645,11.98229745,17.5089532,6.455937436,15.5262373,39.2,7210,309200,11520,3183
2005-11-15,41.93409991,245.5068237,0.013823945,16540,0.287810728,0.326072621,0.143259922,0,0.077253853,0.074081119,0.072000189,0.019521569,0.048678151,0.084568589,0.430587132,0.436166128,0.151362192,8.994772679,0.318,0.091,96.27013787,55.34387753,5.909858079,11.21385327,0.605773732,10.13413749,116.4,22350,2015000,47500,25020
2005-12-15,41.93409991,245.5068237,0.013823945,16540,0.287810728,0.326072621,0.143259922,0,0.077253853,0.074081119,0.072000189,0.019521569,0.048678151,0.084568589,0.430587132,0.436166128,0.056486201,2.388851882,0.318,0.091,64.82490905,16.47232384,-4.390592221,-1.146247594,-7.634906755,8.293723426,151.8,58610,2477000,216500,43520
2006-01-15,41.93409991,245.5068237,0.013823945,16540,0.287810728,0.326072621,0.143259922,0,0.077253853,0.074081119,0.072000189,0.019521569,0.048678151,0.084568589,0.430587132,0.436166128,0.056621247,0,0.318,0.091,70.21240035,38.66255954,2.43393132,6.144083858,-1.276069948,8.86322042,401.3,117500,7800000,502600,159500
2006-02-15,41.93409991,245.5068237,0.013823945,16540,0.287810728,0.326072621,0.143259922,0,0.077253853,0.074081119,0.072000189,0.019521569,0.048678151,0.084568589,0.430587132,0.436166128,0.056751783,0.006290453,0.318,0.091,46.95397362,34.6404755,-1.692514682,2.83205871,-6.216797306,12.3516667,203.6,42720,3298000,186100,38620
2006-03-15,41.93409991,245.5068237,0.013823945,16540,0.287810728,0.326072621,0.143259922,0,0.077253853,0.074081119,0.072000189,0.019521569,0.048678151,0.084568589,0.430587132,0.436166128,0.059638225,5.331236835,0.318,0.091,57.09593458,72.18366077,3.187019519,8.271463416,-1.897297934,15.19361152,154.7,28520,3237000,104500,42940
2006-04-15,41.93409991,245.5068237,0.013823945,16540,0.287810728,0.326072621,0.143259922,0,0.077253853,0.074081119,0.072000189,0.019521569,0.048678151,0.084568589,0.430587132,0.436166128,0.073582814,31.63068119,0.318,0.091,62.29046753,108.3582459,11.3987523,18.45138441,4.346581338,19.37741769,104.3,15710,2251000,32090,15180
2006-05-15,41.93409991,245.5068237,0.013823945,16540,0.298884097,0.458026759,0.000232415,0,0.077253853,0.074081119,0.072000189,0.019521569,0.048678151,0.084568589,0.430587132,0.436166128,0.18218135,5.581816476,0.318,0.091,136.1889517,118.1041079,14.92768584,20.61372336,9.24198218,21.00184609,290.2,38870,10310000,107700,100700
2006-06-15,41.93409991,245.5068237,0.013823945,16540,0.298884097,0.458026759,0.000232415,0,0.077253853,0.074081119,0.072000189,0.019521569,0.048678151,0.084568589,0.430587132,0.436166128,1.388998341,21.99746109,0.318,0.091,84.57051518,144.6569867,20.18347663,26.29857165,14.06840397,22.36887077,117.9,27490,3730000,59160,17120
2006-07-15,41.93409991,245.5068237,0.013823945,16540,0.298884097,0.458026759,0.000232415,0,0.077253853,0.074081119,0.072000189,0.019521569,0.048678151,0.084568589,0.430587132,0.436166128,2.899265455,1.257194508,0.318,0.091,132.7327762,173.7670069,23.41812581,28.79566088,18.04067357,22.61078098,146.5,31860,1476000,107900,31880
2006-08-15,41.93409991,245.5068237,0.013823945,16540,0.298884097,0.458026759,0.000232415,0,0.077253853,0.074081119,0.072000189,0.019521569,0.048678151,0.084568589,0.430587132,0.436166128,1.819957416,2.381937184,0.318,0.091,76.42501191,168.7483967,22.23903352,28.03506212,16.44296556,21.14439395,30.71,8533,279900,16730,2359
2006-09-15,41.93409991,245.5068237,0.013823945,16540,0.298884097,0.458026759,0.000232415,0,0.077253853,0.074081119,0.072000189,0.019521569,0.048678151,0.084568589,0.430587132,0.436166128,0.690331171,0.168297934,0.318,0.091,74.57572012,107.070746,16.2178827,21.82893511,10.60692311,17.46090578,35.7,8776,403800,16260,2034
2006-10-15,41.93409991,245.5068237,0.013823945,16540,0.260365785,0.364830111,0.131947375,0,0.077253853,0.074081119,0.072000189,0.019521569,0.048678151,0.084568589,0.430587132,0.436166128,0.191740495,11.74029286,0.318,0.091,116.0942838,74.01641406,9.523881744,14.8791535,4.168581016,13.52100119,125.2,20220,1969000,56580,24810
2006-11-15,41.93409991,245.5068237,0.013823945,16540,0.260365785,0.364830111,0.131947375,0,0.077253853,0.074081119,0.072000189,0.019521569,0.048678151,0.084568589,0.430587132,0.436166128,0.242272615,8.71847614,0.318,0.091,56.90289593,52.28993402,5.869273322,10.40908361,1.329476307,10.59520075,115.2,15160,1535000,34310,20090
2006-12-15,41.93409991,245.5068237,0.013823945,16540,0.260365785,0.364830111,0.131947375,0,0.077253853,0.074081119,0.072000189,0.019521569,0.048678151,0.084568589,0.430587132,0.436166128,0.132936498,0.896246616,0.318,0.091,107.7865544,37.6650293,2.624846013,6.786611066,-1.537033545,8.796732342,367.5,64220,8723000,223000,148400
2007-01-15,41.93409991,245.5068237,0.013823945,16540,0.260365785,0.364830111,0.131947375,0,0.077253853,0.074081119,0.072000189,0.019521569,0.048678151,0.084568589,0.430587132,0.436166128,0.136223828,0,0.318,0.091,121.6018954,23.68166135,-1.136733748,2.308350154,-4.581864104,8.702524814,527.9,71360,12420000,316400,278800
2007-02-15,41.93409991,245.5068237,0.013823945,16540,0.260365785,0.364830111,0.131947375,0,0.077253853,0.074081119,0.072000189,0.019521569,0.048678151,0.084568589,0.430587132,0.436166128,0.138418507,0.023108407,0.318,0.091,26.91376951,19.48015189,-8.455065381,-3.89582686,-13.01471523,12.60040669,56.29,14410,369700,48260,4470
2007-03-15,41.93409991,245.5068237,0.013823945,16540,0.260365785,0.364830111,0.131947375,0,0.077253853,0.074081119,0.072000189,0.019521569,0.048678151,0.084568589,0.430587132,0.436166128,0.192120835,1.993135119,0.318,0.091,78.06807279,83.46350047,5.107452888,10.78994408,-0.575030027,15.43319107,409.2,128700,5006000,661400,147200
2007-04-15,41.93409991,245.5068237,0.013823945,16540,0.260365785,0.364830111,0.131947375,0,0.077253853,0.074081119,0.072000189,0.019521569,0.048678151,0.084568589,0.430587132,0.436166128,0.23954291,35.69899743,0.318,0.091,99.97839421,98.45760053,8.208979261,13.81232775,2.605792792,18.16141485,185.9,29510,3770000,89280,58490
2007-05-15,41.93409991,245.5068237,0.013823945,16540,0.346616276,0.354667851,0.055859144,0,0.077253853,0.074081119,0.072000189,0.019521569,0.048678151,0.084568589,0.430587132,0.436166128,0.378260747,5.049302269,0.318,0.091,37.88662904,149.6326174,17.4345813,24.48548173,10.38351362,23.71132805,106.2,21440,2513000,61140,23660
2007-06-15,41.93409991,245.5068237,0.013823945,16540,0.346616276,0.354667851,0.055859144,0,0.077253853,0.074081119,0.072000189,0.019521569,0.048678151,0.084568589,0.430587132,0.436166128,2.103251337,27.01877998,0.318,0.091,51.35739783,168.6145652,21.62612061,28.38253387,14.86969015,24.56183533,27.8,7535,347100,11350,1540
2007-07-15,41.93409991,245.5068237,0.013823945,16540,0.346616276,0.354667851,0.055859144,0,0.077253853,0.074081119,0.072000189,0.019521569,0.048678151,0.084568589,0.430587132,0.436166128,3.103789883,0.96556934,0.318,0.091,67.3176445,177.2566877,21.60330758,28.16528284,15.04133279,23.95469766,22.23,6399,114200,9992,1055
2007-08-15,41.93409991,245.5068237,0.013823945,16540,0.346616276,0.354667851,0.055859144,0,0.077253853,0.074081119,0.072000189,0.019521569,0.048678151,0.084568589,0.430587132,0.436166128,1.529958566,1.78606043,0.318,0.091,248.5192204,150.1337412,23.00661151,28.7967983,17.21656622,19.9127737,384.5,78840,1421000,300900,244600
2007-09-15,41.93409991,245.5068237,0.013823945,16540,0.346616276,0.354667851,0.055859144,0,0.077253853,0.074081119,0.072000189,0.019521569,0.048678151,0.084568589,0.430587132,0.436166128,0.38527728,0.163120991,0.318,0.091,49.39761559,135.253186,19.06249032,25.97826799,12.14696514,19.55671336,75.78,16150,259400,34150,9647
2007-10-15,41.93409991,245.5068237,0.013823945,16540,0.302952967,0.248811266,0.205379037,0,0.077253853,0.074081119,0.072000189,0.019521569,0.048678151,0.084568589,0.430587132,0.436166128,0.185735507,15.49288849,0.318,0.091,58.00935677,95.77832452,15.01406524,20.78110334,9.247197917,14.26474331,23.53,5989,168200,7477,1143
2007-11-15,41.93409991,245.5068237,0.013823945,16540,0.302952967,0.248811266,0.205379037,0,0.077253853,0.074081119,0.072000189,0.019521569,0.048678151,0.084568589,0.430587132,0.436166128,0.21846033,8.759768615,0.318,0.091,86.1954283,47.8677831,4.619235864,9.253582038,-0.015451639,10.84660583,186.2,29150,2592000,73420,59710
2007-12-15,41.93409991,245.5068237,0.013823945,16540,0.302952967,0.248811266,0.205379037,0,0.077253853,0.074081119,0.072000189,0.019521569,0.048678151,0.084568589,0.430587132,0.436166128,0.117752138,2.335797312,0.318,0.091,108.4249579,22.41936459,-1.155776333,2.372524289,-4.684234787,8.067092603,425,174300,5976000,720300,158400
2008-01-15,41.93409991,245.5068237,0.013823945,16540,0.302952967,0.248811266,0.205379037,0,0.077253853,0.074081119,0.072000189,0.019521569,0.048678151,0.084568589,0.430587132,0.436166128,0.124424905,0,0.318,0.091,66.04867977,18.00154404,-2.970291783,1.528125798,-7.468937186,8.319094671,391.5,95880,7163000,469000,234600
2008-02-15,41.93409991,245.5068237,0.013823945,16540,0.302952967,0.248811266,0.205379037,0,0.077253853,0.074081119,0.072000189,0.019521569,0.048678151,0.084568589,0.430587132,0.436166128,0.124652694,1.254500821,0.318,0.091,122.8172122,15.44766141,-4.372687109,0.004865431,-8.749983717,9.798949777,516,219500,4734000,1327000,305100
2008-03-15,41.93409991,245.5068237,0.013823945,16540,0.302952967,0.248811266,0.205379037,0,0.077253853,0.074081119,0.072000189,0.019521569,0.048678151,0.084568589,0.430587132,0.436166128,0.134982441,3.636384992,0.318,0.091,104.57281,51.30987471,1.309613014,5.844959314,-3.226056646,15.45971267,550.4,159700,6634000,760200,265100
2008-04-15,41.93409991,245.5068237,0.013823945,16540,0.302952967,0.248811266,0.205379037,0,0.077253853,0.074081119,0.072000189,0.019521569,0.048678151,0.084568589,0.430587132,0.436166128,0.240187226,31.98168419,0.318,0.091,72.11492643,109.4051409,10.3556685,16.75320192,3.958111845,17.92911043,251.7,31680,3518000,108800,78180
2008-05-15,41.93409991,245.5068237,0.013823945,16540,0.290464079,0.393015115,0.073664077,0,0.077253853,0.074081119,0.072000189,0.019521569,0.048678151,0.084568589,0.430587132,0.436166128,0.280961382,5.848375075,0.318,0.091,100.8364472,120.2484961,13.48841609,19.58807933,7.389147575,22.182536,160.4,24230,3070000,49440,31890
2008-06-15,41.93409991,245.5068237,0.013823945,16540,0.290464079,0.393015115,0.073664077,0,0.077253853,0.074081119,0.072000189,0.019521569,0.048678151,0.084568589,0.430587132,0.436166128,1.396343524,22.25999256,0.318,0.091,138.8558959,137.7733216,21.39032714,27.094772,15.68614807,19.92264565,238.9,47810,6856000,104300,53480
2008-07-15,41.93409991,245.5068237,0.013823945,16540,0.290464079,0.393015115,0.073664077,0,0.077253853,0.074081119,0.072000189,0.019521569,0.048678151,0.084568589,0.430587132,0.436166128,2.949741372,0.991274893,0.318,0.091,89.97091946,187.7248453,22.23146669,28.31260388,16.15032025,23.76504377,205.2,42500,2213000,135000,62640
2008-08-15,41.93409991,245.5068237,0.013823945,16540,0.290464079,0.393015115,0.073664077,0,0.077253853,0.074081119,0.072000189,0.019521569,0.048678151,0.084568589,0.430587132,0.436166128,2.183125615,2.207106259,0.318,0.091,26.50333656,179.4821506,21.35014942,28.10345132,14.59703301,23.37586303,10.69,3156,43600,3597,208.2
2008-09-15,41.93409991,245.5068237,0.013823945,16540,0.290464079,0.393015115,0.073664077,0,0.077253853,0.074081119,0.072000189,0.019521569,0.048678151,0.084568589,0.430587132,0.436166128,0.655260021,0.158487623,0.318,0.091,101.2198973,122.4824853,19.2058577,26.21125655,12.20060056,17.9333256,67.99,13570,361100,30820,10830
2008-10-15,41.93409991,245.5068237,0.013823945,16540,0.240325867,0.26677155,0.250045854,0,0.077253853,0.074081119,0.072000189,0.019521569,0.048678151,0.084568589,0.430587132,0.436166128,0.18651777,22.48692666,0.318,0.091,48.16125142,81.91098799,10.45129998,16.91236978,3.990185427,14.69604556,14.72,4477,96710,5677,376.3
2008-11-15,41.93409991,245.5068237,0.013823945,16540,0.240325867,0.26677155,0.250045854,0,0.077253853,0.074081119,0.072000189,0.019521569,0.048678151,0.084568589,0.430587132,0.436166128,0.245162982,1.313050693,0.318,0.091,56.86046292,51.15191797,3.991988407,8.715822394,-0.731715132,10.69763464,39.17,8603,366000,12360,3425
2008-12-15,41.93409991,245.5068237,0.013823945,16540,0.240325867,0.26677155,0.250045854,0,0.077253853,0.074081119,0.072000189,0.019521569,0.048678151,0.084568589,0.430587132,0.436166128,0.1038398,0.704498567,0.318,0.091,112.6375592,15.97494214,-2.719439769,1.808668215,-7.247879058,7.459003487,240.8,133100,4143000,486200,94320
2009-01-15,41.93409991,245.5068237,0.013823945,16540,0.240325867,0.26677155,0.250045854,0,0.077253853,0.074081119,0.072000189,0.019521569,0.048678151,0.084568589,0.430587132,0.436166128,0.103907593,0,0.318,0.091,33.75116714,12.71183017,-8.45870672,-3.688714378,-13.22869372,8.749781334,108,62470,779200,229200,27570
2009-02-15,41.93409991,245.5068237,0.013823945,16540,0.240325867,0.26677155,0.250045854,0,0.077253853,0.074081119,0.072000189,0.019521569,0.048678151,0.084568589,0.430587132,0.436166128,0.110444004,0.023108407,0.318,0.091,71.27447536,26.83610539,-1.874993839,3.283841403,-7.034190379,11.39991737,470.8,187800,3040000,998600,267500
2009-03-15,41.93409991,245.5068237,0.013823945,16540,0.240325867,0.26677155,0.250045854,0,0.077253853,0.074081119,0.072000189,0.019521569,0.048678151,0.084568589,0.430587132,0.436166128,0.150335276,2.693369162,0.318,0.091,123.8362536,77.24375912,4.345210487,10.69783382,-2.00754163,15.98555264,579.5,130100,10740000,683700,404900
2009-04-15,41.93409991,245.5068237,0.013823945,16540,0.240325867,0.26677155,0.250045854,0,0.077253853,0.074081119,0.072000189,0.019521569,0.048678151,0.084568589,0.430587132,0.436166128,0.271877845,32.9117388,0.318,0.091,119.8191571,89.25530754,9.349496468,14.95833253,3.740788861,16.55653158,300.6,40600,5433000,128200,93060
2009-05-15,41.93409991,245.5068237,0.013823945,16540,0.318246966,0.33813793,0.100758375,0,0.077253853,0.074081119,0.072000189,0.019521569,0.048678151,0.084568589,0.430587132,0.436166128,0.33109953,4.803895751,0.318,0.091,89.97880578,130.9004552,15.41390603,21.95474849,8.87318442,22.23635113,196.5,34780,4583000,91090,40860
2009-06-15,41.93409991,245.5068237,0.013823945,16540,0.318246966,0.33813793,0.100758375,0,0.077253853,0.074081119,0.072000189,0.019521569,0.048678151,0.084568589,0.430587132,0.436166128,1.580234616,24.79979568,0.318,0.091,88.7432612,162.4984869,20.4610078,26.30291383,14.61892611,24.17582491,147.1,29730,3532000,72850,28890
2009-07-15,41.93409991,245.5068237,0.013823945,16540,0.318246966,0.33813793,0.100758375,0,0.077253853,0.074081119,0.072000189,0.019521569,0.048678151,0.084568589,0.430587132,0.436166128,2.866804674,1.262677425,0.318,0.091,62.72877071,154.7870083,19.97516555,25.94727135,14.00279112,23.0746491,21.03,5593,152800,7151,719.2
2009-08-15,41.93409991,245.5068237,0.013823945,16540,0.318246966,0.33813793,0.100758375,0,0.077253853,0.074081119,0.072000189,0.019521569,0.048678151,0.084568589,0.430587132,0.436166128,2.407510343,2.381637607,0.318,0.091,79.28096071,159.2792394,21.12403426,26.98098372,15.26694694,21.9235174,50.51,10220,240900,22230,5945
2009-09-15,41.93409991,245.5068237,0.013823945,16540,0.318246966,0.33813793,0.100758375,0,0.077253853,0.074081119,0.072000189,0.019521569,0.048678151,0.084568589,0.430587132,0.436166128,1.003288589,0.163120991,0.318,0.091,37.36763261,121.455813,17.83853004,23.95741134,11.719481,18.09600186,14.53,3604,70510,4897,402.4
2009-10-15,41.93409991,245.5068237,0.013823945,16540,0.275842952,0.242567012,0.238733307,0,0.077253853,0.074081119,0.072000189,0.019521569,0.048678151,0.084568589,0.430587132,0.436166128,0.229241241,13.00057621,0.318,0.091,125.418442,68.94603962,9.128991503,14.21208165,4.045904016,13.04531041,68.2,13150,580900,20610,7288
2009-11-15,41.93409991,245.5068237,0.013823945,16540,0.275842952,0.242567012,0.238733307,0,0.077253853,0.074081119,0.072000189,0.019521569,0.048678151,0.084568589,0.430587132,0.436166128,0.290257141,9.449774928,0.318,0.091,27.94720121,57.96652436,6.913403569,11.94673108,1.880411711,10.83776347,28.07,5554,235000,7884,1620
2009-12-15,41.93409991,245.5068237,0.013823945,16540,0.275842952,0.242567012,0.238733307,0,0.077253853,0.074081119,0.072000189,0.019521569,0.048678151,0.084568589,0.430587132,0.436166128,0.143227017,2.498299096,0.318,0.091,67.45615899,23.13092166,-2.072834969,1.568322305,-5.714177319,8.073245291,95.35,37990,1336000,113300,12540
2010-01-15,41.93409991,245.5068237,0.013823945,16540,0.275842952,0.242567012,0.238733307,0,0.077253853,0.074081119,0.072000189,0.019521569,0.048678151,0.084568589,0.430587132,0.436166128,0.143841308,0,0.318,0.091,19.53880274,20.83820519,-5.201934968,-1.770809077,-8.633294213,9.295881523,77.43,35420,815400,138900,12720
2010-02-15,41.93409991,245.5068237,0.013823945,16540,0.275842952,0.242567012,0.238733307,0,0.077253853,0.074081119,0.072000189,0.019521569,0.048678151,0.084568589,0.430587132,0.436166128,0.144180729,0.006290453,0.318,0.091,37.40430087,17.3453596,-4.099103791,-0.315187776,-7.882971591,12.05459041,61.06,24300,526000,78660,5862
2010-03-15,41.93409991,245.5068237,0.013823945,16540,0.275842952,0.242567012,0.238733307,0,0.077253853,0.074081119,0.072000189,0.019521569,0.048678151,0.084568589,0.430587132,0.436166128,0.15940674,4.618586807,0.318,0.091,63.81339928,72.93630202,4.892118293,10.78821687,-1.004121695,15.35277474,249.1,56010,4338000,213300,66790
2010-04-15,41.93409991,245.5068237,0.013823945,16540,0.275842952,0.242567012,0.238733307,0,0.077253853,0.074081119,0.072000189,0.019521569,0.048678151,0.084568589,0.430587132,0.436166128,0.287620662,34.37654543,0.318,0.091,95.06189938,118.5789412,12.35894709,19.44949196,5.268469255,19.49919657,234.9,38590,6983000,127900,72520
2010-05-15,41.93409991,245.5068237,0.013823945,16540,0.311037153,0.383987003,0.062119115,0,0.077253853,0.074081119,0.072000189,0.019521569,0.048678151,0.084568589,0.430587132,0.436166128,0.380880405,5.814843289,0.318,0.091,157.4617289,123.7748473,16.95518215,22.82359513,11.08674424,19.4710593,430.5,80300,14840000,240100,167300
2010-06-15,41.93409991,245.5068237,0.013823945,16540,0.311037153,0.383987003,0.062119115,0,0.077253853,0.074081119,0.072000189,0.019521569,0.048678151,0.084568589,0.430587132,0.436166128,2.07472776,24.22109702,0.318,0.091,147.7513193,149.290219,22.12373119,27.53490659,16.71277487,21.051039,271.4,57520,7604000,147100,64750
2010-07-15,41.93409991,245.5068237,0.013823945,16540,0.311037153,0.383987003,0.062119115,0,0.077253853,0.074081119,0.072000189,0.019521569,0.048678151,0.084568589,0.430587132,0.436166128,3.097758871,0.960086422,0.318,0.091,72.60113273,188.3246161,24.1936913,30.26758595,18.11977202,23.25219715,60.88,11730,393900,21490,5953
2010-08-15,41.93409991,245.5068237,0.013823945,16540,0.311037153,0.383987003,0.062119115,0,0.077253853,0.074081119,0.072000189,0.019521569,0.048678151,0.084568589,0.430587132,0.436166128,1.104937677,1.786360007,0.318,0.091,56.97365061,182.4138936,23.13351451,29.05723905,17.20998399,23.1747654,23.71,4756,89020,6301,1071
2010-09-15,41.93409991,245.5068237,0.013823945,16540,0.311037153,0.383987003,0.062119115,0,0.077253853,0.074081119,0.072000189,0.019521569,0.048678151,0.084568589,0.430587132,0.436166128,0.269881958,0.168297934,0.318,0.091,44.72478816,126.9743111,18.36230193,24.92127473,11.80343185,18.38632352,6.157,2007,20730,2331,34.78
2010-10-15,41.93409991,245.5068237,0.013823945,16540,0.271259546,0.280504687,0.205379037,0,0.077253853,0.074081119,0.072000189,0.019521569,0.048678151,0.084568589,0.430587132,0.436166128,0.181171008,14.26019183,0.318,0.091,28.35087333,99.68242791,12.56318513,19.33689684,5.789379413,15.61590489,5.575,2079,30300,2352,21.64
2010-11-15,41.93409991,245.5068237,0.013823945,16540,0.271259546,0.280504687,0.205379037,0,0.077253853,0.074081119,0.072000189,0.019521569,0.048678151,0.084568589,0.430587132,0.436166128,0.20319939,8.02453567,0.318,0.091,102.8314519,55.36006051,4.834077304,11.23656337,-1.568473655,10.85183236,50.05,13520,588300,24140,8733
2010-12-15,41.93409991,245.5068237,0.013823945,16540,0.271259546,0.280504687,0.205379037,0,0.077253853,0.074081119,0.072000189,0.019521569,0.048678151,0.084568589,0.430587132,0.436166128,0.092128059,0.733744832,0.318,0.091,25.26864213,17.07367089,-4.728125539,-1.10300691,-8.353186474,8.874443783,66.13,23420,1192000,59640,7703
2011-01-15,41.93409991,245.5068237,0.013823945,16540,0.271259546,0.280504687,0.205379037,0,0.077253853,0.074081119,0.072000189,0.019521569,0.048678151,0.084568589,0.430587132,0.436166128,0.09288768,0,0.318,0.091,35.28428708,16.60625798,-6.116494856,-1.779538094,-10.4535386,8.705416297,104.4,53200,994500,196700,23700
2011-02-15,41.93409991,245.5068237,0.013823945,16540,0.271259546,0.280504687,0.205379037,0,0.077253853,0.074081119,0.072000189,0.019521569,0.048678151,0.084568589,0.430587132,0.436166128,0.095700301,0.023108407,0.318,0.091,95.93316099,20.23329116,-3.498745109,0.964827842,-7.962272629,11.36806609,190.9,77610,1177000,343500,59610
2011-03-15,41.93409991,245.5068237,0.013823945,16540,0.271259546,0.280504687,0.205379037,0,0.077253853,0.074081119,0.072000189,0.019521569,0.048678151,0.084568589,0.430587132,0.436166128,0.111985787,2.189412735,0.318,0.091,76.18769321,73.79275843,2.595246303,7.666471148,-2.475862175,15.57379664,618.8,231100,9092000,1217000,386500
2011-04-15,41.93409991,245.5068237,0.013823945,16540,0.271259546,0.280504687,0.205379037,0,0.077253853,0.074081119,0.072000189,0.019521569,0.048678151,0.084568589,0.430587132,0.436166128,0.203708493,33.31374045,0.318,0.091,161.7830826,67.41503852,9.182374741,14.87594817,3.488721209,15.9690738,432.4,56110,12500000,182200,243000
2011-05-15,41.93409991,245.5068237,0.013823945,16540,0.325946226,0.363792939,0.067404105,0,0.077253853,0.074081119,0.072000189,0.019521569,0.048678151,0.084568589,0.430587132,0.436166128,0.346694327,5.153664349,0.318,0.091,187.5989975,102.7749363,16.07582283,21.42065172,10.73129208,19.23402852,668.3,129100,18490000,456500,443600
2011-06-15,41.93409991,245.5068237,0.013823945,16540,0.325946226,0.363792939,0.067404105,0,0.077253853,0.074081119,0.072000189,0.019521569,0.048678151,0.084568589,0.430587132,0.436166128,1.919794649,25.08608822,0.318,0.091,46.27023358,176.9057088,21.53974619,27.42908452,15.65035843,24.38104253,152.8,40470,2548000,104000,37490
2011-07-15,41.93409991,245.5068237,0.013823945,16540,0.325946226,0.363792939,0.067404105,0,0.077253853,0.074081119,0.072000189,0.019521569,0.048678151,0.084568589,0.430587132,0.436166128,3.043461848,0.945872738,0.318,0.091,57.85116742,227.9333482,25.75801993,32.15314928,19.36273762,24.84143747,21.86,4328,117100,5515,833.8
2011-08-15,41.93409991,245.5068237,0.013823945,16540,0.325946226,0.363792939,0.067404105,0,0.077253853,0.074081119,0.072000189,0.019521569,0.048678151,0.084568589,0.430587132,0.436166128,1.13983311,2.247881444,0.318,0.091,113.6470897,163.1624461,22.05254722,28.39967815,15.70568562,21.07093021,42.33,9149,222300,15710,3275
2011-09-15,41.93409991,245.5068237,0.013823945,16540,0.325946226,0.363792939,0.067404105,0,0.077253853,0.074081119,0.072000189,0.019521569,0.048678151,0.084568589,0.430587132,0.436166128,0.399103446,0.163120991,0.318,0.091,161.6813445,92.8557715,16.89680696,22.12294912,11.67064601,15.45079661,106.3,17130,599700,35690,17530
2011-10-15,41.93409991,245.5068237,0.013823945,16540,0.287974647,0.325908702,0.143259922,0,0.077253853,0.074081119,0.072000189,0.019521569,0.048678151,0.084568589,0.430587132,0.436166128,0.158504293,16.80523214,0.318,0.091,97.16267938,85.15715375,11.43462144,17.46863524,5.400846642,13.73829422,265.5,40880,2656000,108900,95890
2011-11-15,41.93409991,245.5068237,0.013823945,16540,0.287974647,0.325908702,0.143259922,0,0.077253853,0.074081119,0.072000189,0.019521569,0.048678151,0.084568589,0.430587132,0.436166128,0.160320481,8.993241659,0.318,0.091,163.7102387,45.82568821,7.370728119,12.10201642,2.639127644,9.967535729,426.4,66000,7347000,219200,237600
2011-12-15,41.93409991,245.5068237,0.013823945,16540,0.287974647,0.325908702,0.143259922,0,0.077253853,0.074081119,0.072000189,0.019521569,0.048678151,0.084568589,0.430587132,0.436166128,0.058699515,2.388851882,0.318,0.091,91.66375651,32.24838478,1.739441144,5.340016806,-1.860692458,8.054734929,623.4,112800,10350000,425100,352600
2012-01-15,41.93409991,245.5068237,0.013823945,16540,0.287974647,0.325908702,0.143259922,0,0.077253853,0.074081119,0.072000189,0.019521569,0.048678151,0.084568589,0.430587132,0.436166128,0.058709206,0,0.318,0.091,70.41666665,26.01076115,-1.150537927,3.21876318,-5.519677033,8.45469562,251.6,97910,2361000,393400,68310
2012-02-15,41.93409991,245.5068237,0.013823945,16540,0.287974647,0.325908702,0.143259922,0,0.077253853,0.074081119,0.072000189,0.019521569,0.048678151,0.084568589,0.430587132,0.436166128,0.059089083,1.769948594,0.318,0.091,47.03760129,36.50591292,0.483134467,4.883261503,-3.91703962,11.48053751,203.6,51640,2291000,190000,44860
2012-03-15,41.93409991,245.5068237,0.013823945,16540,0.287974647,0.325908702,0.143259922,0,0.077253853,0.074081119,0.072000189,0.019521569,0.048678151,0.084568589,0.430587132,0.436166128,0.111254805,3.636384992,0.318,0.091,71.44121557,106.9164082,10.9161954,17.1888851,4.643735644,15.39593831,232.8,38030,3202000,137200,61480
2012-04-15,41.93409991,245.5068237,0.013823945,16540,0.287974647,0.325908702,0.143259922,0,0.077253853,0.074081119,0.072000189,0.019521569,0.048678151,0.084568589,0.430587132,0.436166128,0.103487945,31.63385945,0.318,0.091,36.39202985,108.0635431,9.645240656,16.16902152,3.121593893,18.60588589,28.32,5205,249800,8178,1341
2012-05-15,41.93409991,245.5068237,0.013823945,16540,0.298981073,0.457929783,0.000232415,0,0.077253853,0.074081119,0.072000189,0.019521569,0.048678151,0.084568589,0.430587132,0.436166128,0.375380273,5.536345934,0.318,0.091,51.78398438,152.3880714,18.93942842,25.93944353,11.93971465,24.47617975,51.04,11390,1071000,18960,5336
2012-06-15,41.93409991,245.5068237,0.013823945,16540,0.298981073,0.457929783,0.000232415,0,0.077253853,0.074081119,0.072000189,0.019521569,0.048678151,0.084568589,0.430587132,0.436166128,2.015175456,21.9872789,0.318,0.091,38.33716847,175.4746773,21.65150206,28.84342927,14.45952177,25.4637791,11.91,4516,230400,6411,281.6
2012-07-15,41.93409991,245.5068237,0.013823945,16540,0.298981073,0.457929783,0.000232415,0,0.077253853,0.074081119,0.072000189,0.019521569,0.048678151,0.084568589,0.430587132,0.436166128,2.753080916,1.257194508,0.318,0.091,72.81704908,208.391673,25.79100867,32.50107876,19.0807386,24.4527683,7.281,2745,76890,4395,166.2
2012-08-15,41.93409991,245.5068237,0.013823945,16540,0.298981073,0.457929783,0.000232415,0,0.077253853,0.074081119,0.072000189,0.019521569,0.048678151,0.084568589,0.430587132,0.436166128,0.935908667,2.391747494,0.318,0.091,121.5586852,163.30176,21.38149926,28.02054074,14.74255065,21.27398226,48.04,15030,817800,32510,4324
2012-09-15,41.93409991,245.5068237,0.013823945,16540,0.298981073,0.457929783,0.000232415,0,0.077253853,0.074081119,0.072000189,0.019521569,0.048678151,0.084568589,0.430587132,0.436166128,0.300419253,0.158487623,0.318,0.091,96.33461756,107.8265346,17.04239412,23.34167007,10.74292427,16.63952958,42.51,9523,448900,17800,3006
2012-10-15,41.93409991,245.5068237,0.013823945,16540,0.26046276,0.364733135,0.131947375,0,0.077253853,0.074081119,0.072000189,0.019521569,0.048678151,0.084568589,0.430587132,0.436166128,0.17571459,19.2771414,0.318,0.091,89.2869237,67.46843528,10.39842477,15.64249634,5.154434735,12.68349674,84.13,11100,847000,20460,9775
2012-11-15,41.93409991,245.5068237,0.013823945,16540,0.26046276,0.364733135,0.131947375,0,0.077253853,0.074081119,0.072000189,0.019521569,0.048678151,0.084568589,0.430587132,0.436166128,0.195473677,1.219815966,0.318,0.091,21.53865589,55.54317411,4.047126767,9.636213679,-1.541756906,11.39555608,54.8,7223,536200,11830,5143
2012-12-15,41.93409991,245.5068237,0.013823945,16540,0.26046276,0.364733135,0.131947375,0,0.077253853,0.074081119,0.072000189,0.019521569,0.048678151,0.084568589,0.430587132,0.436166128,0.123689561,0.823477648,0.318,0.091,67.37895408,32.1784375,2.300089459,5.870546958,-1.27059169,7.66152002,89.48,13870,1649000,28800,14230
2013-01-15,41.93409991,245.5068237,0.013823945,16540,0.26046276,0.364733135,0.131947375,0,0.077253853,0.074081119,0.072000189,0.019521569,0.048678151,0.084568589,0.430587132,0.436166128,0.12868329,0,0.318,0.091,84.32394577,26.83537847,-2.134564255,2.324071861,-6.593166812,9.100500106,317.2,151600,5231000,736400,157100
2013-02-15,41.93409991,245.5068237,0.013823945,16540,0.26046276,0.364733135,0.131947375,0,0.077253853,0.074081119,0.072000189,0.019521569,0.048678151,0.084568589,0.430587132,0.436166128,0.12868329,0.023108407,0.318,0.091,54.36715809,24.68935842,-3.038517832,0.944228695,-7.021156511,11.98914639,165.2,74040,1206000,337900,32090
2013-03-15,41.93409991,245.5068237,0.013823945,16540,0.26046276,0.364733135,0.131947375,0,0.077253853,0.074081119,0.072000189,0.019521569,0.048678151,0.084568589,0.430587132,0.436166128,0.134362873,1.993135119,0.318,0.091,35.83240349,62.66757614,0.615604215,4.847421382,-3.616070582,15.98381631,262.6,97870,3643000,494000,78030
2013-04-15,41.93409991,245.5068237,0.013823945,16540,0.26046276,0.364733135,0.131947375,0,0.077253853,0.074081119,0.072000189,0.019521569,0.048678151,0.084568589,0.430587132,0.436166128,0.206525054,35.68391111,0.318,0.091,151.5677865,83.68320272,8.401823106,14.39424037,2.409420507,16.67918787,469.4,71520,11710000,324500,225800
2013-05-15,41.93409991,245.5068237,0.013823945,16540,0.346452356,0.35483177,0.055859144,0,0.077253853,0.074081119,0.072000189,0.019521569,0.048678151,0.084568589,0.430587132,0.436166128,0.393856056,5.049738082,0.318,0.091,50.90445714,148.9496951,17.57542053,23.98481636,11.16607059,23.13774189,74.46,13170,1254000,24880,10190
2013-06-15,41.93409991,245.5068237,0.013823945,16540,0.346452356,0.35483177,0.055859144,0,0.077253853,0.074081119,0.072000189,0.019521569,0.048678151,0.084568589,0.430587132,0.436166128,1.934000588,27.00660906,0.318,0.091,129.7766296,146.210295,20.90556668,26.59962823,15.21149718,22.27098593,169.9,41560,4161000,119300,38330
2013-07-15,41.93409991,245.5068237,0.013823945,16540,0.346452356,0.35483177,0.055859144,0,0.077253853,0.074081119,0.072000189,0.019521569,0.048678151,0.084568589,0.430587132,0.436166128,3.194149991,0.96556934,0.318,0.091,137.9386,163.1227277,22.228024,27.38897466,17.06733833,21.86114792,303.5,49160,3207000,132600,107900
2013-08-15,41.93409991,245.5068237,0.013823945,16540,0.346452356,0.35483177,0.055859144,0,0.077253853,0.074081119,0.072000189,0.019521569,0.048678151,0.084568589,0.430587132,0.436166128,2.063189981,1.78606043,0.318,0.091,64.8483465,163.4055581,20.98711356,26.94612663,15.02805994,21.9641895,67.13,13120,221700,26030,8226
2013-09-15,41.93409991,245.5068237,0.013823945,16540,0.346452356,0.35483177,0.055859144,0,0.077253853,0.074081119,0.072000189,0.019521569,0.048678151,0.084568589,0.430587132,0.436166128,0.710020055,0.163120991,0.318,0.091,58.52340924,128.2032094,17.97365996,24.82583281,11.12109695,18.34845146,35.95,8102,163200,14820,2179
2013-10-15,41.93409991,245.5068237,0.013823945,16540,0.302789048,0.248975185,0.205379037,0,0.077253853,0.074081119,0.072000189,0.019521569,0.048678151,0.084568589,0.430587132,0.436166128,0.213890065,15.49192529,0.318,0.091,80.67215053,78.12336698,11.76291253,17.64512621,5.88101387,13.78272134,38.96,9226,233000,17750,3135
2013-11-15,41.93409991,245.5068237,0.013823945,16540,0.302789048,0.248975185,0.205379037,0,0.077253853,0.074081119,0.072000189,0.019521569,0.048678151,0.084568589,0.430587132,0.436166128,0.24892992,8.761266954,0.318,0.091,59.14459218,45.51602662,3.309634354,7.609872604,-0.990613385,10.72400674,62.49,12710,576400,18750,6125
2013-12-15,41.93409991,245.5068237,0.013823945,16540,0.302789048,0.248975185,0.205379037,0,0.077253853,0.074081119,0.072000189,0.019521569,0.048678151,0.084568589,0.430587132,0.436166128,0.09959828,2.335797312,0.318,0.091,82.09209578,22.01700409,-2.367454535,1.612970443,-6.347919788,8.011667996,299.2,195800,5305000,777100,181800
2014-01-15,41.93409991,245.5068237,0.013823945,16540,0.302789048,0.248975185,0.205379037,0,0.077253853,0.074081119,0.072000189,0.019521569,0.048678151,0.084568589,0.430587132,0.436166128,0.099695366,0,0.318,0.091,57.71622348,11.87731444,-8.975006609,-3.743769634,-14.20631129,8.597459392,99.28,61470,1246000,178600,15030
2014-02-15,41.93409991,245.5068237,0.013823945,16540,0.302789048,0.248975185,0.205379037,0,0.077253853,0.074081119,0.072000189,0.019521569,0.048678151,0.084568589,0.430587132,0.436166128,0.099706641,0.006290453,0.318,0.091,80.06806612,14.02973686,-7.772133644,-2.739620026,-12.80463113,11.27121721,205.4,83510,1369000,413500,60410
2014-03-15,41.93409991,245.5068237,0.013823945,16540,0.302789048,0.248975185,0.205379037,0,0.077253853,0.074081119,0.072000189,0.019521569,0.048678151,0.084568589,0.430587132,0.436166128,0.102510624,4.815789062,0.318,0.091,35.03948018,46.60953646,-1.716372476,3.971619695,-7.404436774,16.05137748,401.6,188200,3447000,864100,153000
2014-04-15,41.93409991,245.5068237,0.013823945,16540,0.302789048,0.248975185,0.205379037,0,0.077253853,0.074081119,0.072000189,0.019521569,0.048678151,0.084568589,0.430587132,0.436166128,0.20562808,31.9784639,0.318,0.091,105.1240407,97.45286024,9.544829475,15.95333262,3.136599928,18.40672802,436.2,75580,8428000,345100,229600
2014-05-15,41.93409991,245.5068237,0.013823945,16540,0.290367103,0.393112091,0.073664077,0,0.077253853,0.074081119,0.072000189,0.019521569,0.048678151,0.084568589,0.430587132,0.436166128,0.369975767,5.893830652,0.318,0.091,89.35425132,129.7454628,15.95209591,22.22729316,9.677172265,22.7591927,210.3,33480,5294000,91820,64940
2014-06-15,41.93409991,245.5068237,0.013823945,16540,0.290367103,0.393112091,0.073664077,0,0.077253853,0.074081119,0.072000189,0.019521569,0.048678151,0.084568589,0.430587132,0.436166128,1.881903638,22.27016509,0.318,0.091,120.1471903,149.3153393,21.54954418,27.04608288,16.05283592,20.57415179,146.5,27130,4015000,48200,25100
2014-07-15,41.93409991,245.5068237,0.013823945,16540,0.290367103,0.393112091,0.073664077,0,0.077253853,0.074081119,0.072000189,0.019521569,0.048678151,0.084568589,0.430587132,0.436166128,2.985181993,0.940389821,0.318,0.091,61.6968851,176.3761519,20.21633181,26.08343042,14.34917952,23.64483603,48.7,11670,566100,18100,4254
2014-08-15,41.93409991,245.5068237,0.013823945,16540,0.290367103,0.393112091,0.073664077,0,0.077253853,0.074081119,0.072000189,0.019521569,0.048678151,0.084568589,0.430587132,0.436166128,2.120741823,2.248181021,0.318,0.091,91.03633008,163.3770266,21.59913805,27.38205793,15.81638065,22.45145783,59.21,13780,236100,23540,5793
2014-09-15,41.93409991,245.5068237,0.013823945,16540,0.290367103,0.393112091,0.073664077,0,0.077253853,0.074081119,0.072000189,0.019521569,0.048678151,0.084568589,0.430587132,0.436166128,0.861892872,0.168297934,0.318,0.091,109.5631314,115.1183998,17.09047153,23.46719007,10.71387424,18.00541949,81.24,18300,507500,44160,13520
2014-10-15,41.93409991,245.5068237,0.013823945,16540,0.240228892,0.266868526,0.250045854,0,0.077253853,0.074081119,0.072000189,0.019521569,0.048678151,0.084568589,0.430587132,0.436166128,0.233223874,15.53190866,0.318,0.091,65.13625226,73.82422984,10.83042162,16.13717659,5.52370261,13.72386359,29.64,6523,171400,8441,1518
2014-11-15,41.93409991,245.5068237,0.013823945,16540,0.240228892,0.266868526,0.250045854,0,0.077253853,0.074081119,0.072000189,0.019521569,0.048678151,0.084568589,0.430587132,0.436166128,0.279094217,8.220411498,0.318,0.091,54.97425621,37.68507087,1.722466606,6.171143299,-2.72593996,10.76769544,103,47580,4738000,176500,29830
2014-12-15,41.93409991,245.5068237,0.013823945,16540,0.240228892,0.266868526,0.250045854,0,0.077253853,0.074081119,0.072000189,0.019521569,0.048678151,0.084568589,0.430587132,0.436166128,0.140807874,0.786799402,0.318,0.091,39.67914913,31.15873423,0.70829801,4.151173934,-2.734552256,8.569246068,72.67,25300,2114000,56370,7606
2015-01-15,41.93409991,245.5068237,0.013823945,16540,0.240228892,0.266868526,0.250045854,0,0.077253853,0.074081119,0.072000189,0.019521569,0.048678151,0.084568589,0.430587132,0.436166128,0.140807874,0,0.318,0.091,51.55001723,17.09565788,-6.152761732,-1.756060395,-10.54965841,8.840957605,104,52310,2403000,174600,15910
2015-02-15,41.93409991,245.5068237,0.013823945,16540,0.240228892,0.266868526,0.250045854,0,0.077253853,0.074081119,0.072000189,0.019521569,0.048678151,0.084568589,0.430587132,0.436166128,0.142118582,0.023108407,0.318,0.091,31.27918525,16.48853924,-9.777014837,-4.283026495,-15.27086618,12.05280663,53.08,19260,819600,72650,4809
2015-03-15,41.93409991,245.5068237,0.013823945,16540,0.240228892,0.266868526,0.250045854,0,0.077253853,0.074081119,0.072000189,0.019521569,0.048678151,0.084568589,0.430587132,0.436166128,0.152900176,2.693369162,0.318,0.091,44.41723913,60.07385076,0.704406252,6.133196515,-4.724402973,15.91416092,292.6,120500,4031000,480000,105200
2015-04-15,41.93409991,245.5068237,0.013823945,16540,0.240228892,0.266868526,0.250045854,0,0.077253853,0.074081119,0.072000189,0.019521569,0.048678151,0.084568589,0.430587132,0.436166128,0.311307814,32.92682511,0.318,0.091,76.78121994,93.10009183,9.63957227,16.2070729,3.071676785,17.85934626,160.9,22810,3842000,47510,29360
2015-05-15,41.93409991,245.5068237,0.013823945,16540,0.318410885,0.337974011,0.100758375,0,0.077253853,0.074081119,0.072000189,0.019521569,0.048678151,0.084568589,0.430587132,0.436166128,0.492425834,4.803521941,0.318,0.091,120.6540778,127.9810224,17.64625418,23.86978566,11.42247926,21.06433303,73.93,17030,2199000,28160,12090
2015-06-15,41.93409991,245.5068237,0.013823945,16540,0.318410885,0.337974011,0.100758375,0,0.077253853,0.074081119,0.072000189,0.019521569,0.048678151,0.084568589,0.430587132,0.436166128,1.767211751,24.8119666,0.318,0.091,270.8159793,124.6438376,20.35547251,25.25291462,15.45803235,19.84318391,963.7,220000,26420000,796900,746400
2015-07-15,41.93409991,245.5068237,0.013823945,16540,0.318410885,0.337974011,0.100758375,0,0.077253853,0.074081119,0.072000189,0.019521569,0.048678151,0.084568589,0.430587132,0.436166128,2.896853069,1.262677425,0.318,0.091,161.4891483,169.5212837,21.51968208,27.06653518,15.97260838,23.12856707,617.8,132400,2976000,439800,332300
2015-08-15,41.93409991,245.5068237,0.013823945,16540,0.318410885,0.337974011,0.100758375,0,0.077253853,0.074081119,0.072000189,0.019521569,0.048678151,0.084568589,0.430587132,0.436166128,2.006108457,2.381637607,0.318,0.091,88.7413387,162.5050257,21.07470683,26.89548468,15.25415793,22.09444267,84.1,18230,348600,34720,9035
2015-09-15,41.93409991,245.5068237,0.013823945,16540,0.318410885,0.337974011,0.100758375,0,0.077253853,0.074081119,0.072000189,0.019521569,0.048678151,0.084568589,0.430587132,0.436166128,0.540955984,0.163120991,0.318,0.091,54.1348943,134.5695389,20.13040052,26.44674317,13.81420054,18.90249923,23.96,5452,106600,6809,924.6
2015-10-15,41.93409991,245.5068237,0.013823945,16540,0.276006871,0.242403093,0.238733307,0,0.077253853,0.074081119,0.072000189,0.019521569,0.048678151,0.084568589,0.430587132,0.436166128,0.195906771,13.00153941,0.318,0.091,51.46845026,90.78941026,12.24198168,18.07100071,6.413017024,14.73466666,16.16,4891,122700,5964,553.5
2015-11-15,41.93409991,245.5068237,0.013823945,16540,0.276006871,0.242403093,0.238733307,0,0.077253853,0.074081119,0.072000189,0.019521569,0.048678151,0.084568589,0.430587132,0.436166128,0.24358322,9.448235593,0.318,0.091,51.72610707,56.98637915,7.39372055,12.82641541,1.96111492,10.40313899,23.89,7062,273300,8832,1020
2015-12-15,41.93409991,245.5068237,0.013823945,16540,0.276006871,0.242403093,0.238733307,0,0.077253853,0.074081119,0.072000189,0.019521569,0.048678151,0.084568589,0.430587132,0.436166128,0.19790659,2.498299096,0.318,0.091,96.17256636,48.32213823,5.44266472,9.404435675,1.480846432,8.626475937,156.8,27290,3054000,69260,74060
2016-01-15,41.93409991,245.5068237,0.013823945,16540,0.276006871,0.242403093,0.238733307,0,0.077253853,0.074081119,0.072000189,0.019521569,0.048678151,0.084568589,0.430587132,0.436166128,0.199049691,0,0.318,0.091,37.05620169,28.62840928,-3.276736709,1.059588283,-7.61276086,9.105657252,182.1,54480,3651000,181300,45870
2016-02-15,41.93409991,245.5068237,0.013823945,16540,0.276006871,0.242403093,0.238733307,0,0.077253853,0.074081119,0.072000189,0.019521569,0.048678151,0.084568589,0.430587132,0.436166128,0.203430879,1.057298566,0.318,0.091,42.89260733,39.0632678,-0.195109077,4.75191671,-5.142266197,11.69175547,120.7,35840,1396000,132200,19020
2016-03-15,41.93409991,245.5068237,0.013823945,16540,0.276006871,0.242403093,0.238733307,0,0.077253853,0.074081119,0.072000189,0.019521569,0.048678151,0.084568589,0.430587132,0.436166128,0.264698563,3.636384992,0.318,0.091,106.278637,81.13277148,6.764173357,12.00497382,1.523278456,15.18073161,220,27650,4549000,87380,49190
2016-04-15,41.93409991,245.5068237,0.013823945,16540,0.276006871,0.242403093,0.238733307,0,0.077253853,0.074081119,0.072000189,0.019521569,0.048678151,0.084568589,0.430587132,0.436166128,0.298244613,34.37976575,0.318,0.091,82.62631977,92.86458413,8.916866134,15.1603708,2.673270703,18.30509812,204.9,18400,4249000,55970,47500
2016-05-15,41.93409991,245.5068237,0.013823945,16540,0.311134128,0.383890027,0.062119115,0,0.077253853,0.074081119,0.072000189,0.019521569,0.048678151,0.084568589,0.430587132,0.436166128,0.319239627,5.769387767,0.318,0.091,74.88638799,128.4917231,15.24297152,21.19136746,9.29477132,20.75614314,172.6,20300,4635000,61700,41660
2016-06-15,41.93409991,245.5068237,0.013823945,16540,0.311134128,0.383890027,0.062119115,0,0.077253853,0.074081119,0.072000189,0.019521569,0.048678151,0.084568589,0.430587132,0.436166128,1.919008773,24.21092448,0.318,0.091,95.11141511,156.9106825,21.6139489,27.95805088,15.26973171,23.66997142,104,24680,1694000,64730,19400
2016-07-15,41.93409991,245.5068237,0.013823945,16540,0.311134128,0.383890027,0.062119115,0,0.077253853,0.074081119,0.072000189,0.019521569,0.048678151,0.084568589,0.430587132,0.436166128,3.095163729,1.020407713,0.318,0.091,57.54339432,188.2135657,23.5671461,29.42105765,17.71323791,24.01281446,22.26,5915,172700,10260,1102
2016-08-15,41.93409991,245.5068237,0.013823945,16540,0.311134128,0.383890027,0.062119115,0,0.077253853,0.074081119,0.072000189,0.019521569,0.048678151,0.084568589,0.430587132,0.436166128,1.24418369,1.735849026,0.318,0.091,114.0174246,160.6951848,23.85889517,29.37013373,18.34758593,20.35127453,35.48,5970,164900,11090,2729
2016-09-15,41.93409991,245.5068237,0.013823945,16540,0.311134128,0.383890027,0.062119115,0,0.077253853,0.074081119,0.072000189,0.019521569,0.048678151,0.084568589,0.430587132,0.436166128,0.231163715,0.158487623,0.318,0.091,97.55042326,127.3785253,20.16478393,26.21814344,14.1112809,17.29386604,31.22,4456,154300,7074,1718
2016-10-15,41.93409991,245.5068237,0.013823945,16540,0.271356522,0.280407712,0.205379037,0,0.077253853,0.074081119,0.072000189,0.019521569,0.048678151,0.084568589,0.430587132,0.436166128,0.181210461,21.32215974,0.318,0.091,78.64316831,91.61376278,13.89402552,19.39344243,8.394354104,14.30660325,72.5,8356,547100,16200,9289
2016-11-15,41.93409991,245.5068237,0.013823945,16540,0.271356522,0.280407712,0.205379037,0,0.077253853,0.074081119,0.072000189,0.019521569,0.048678151,0.084568589,0.430587132,0.436166128,0.256907543,0.962945268,0.318,0.091,53.23872471,67.25520602,7.616542822,13.10894347,2.124338723,11.16651564,65.25,8031,706800,16740,9486
2016-12-15,41.93409991,245.5068237,0.013823945,16540,0.271356522,0.280407712,0.205379037,0,0.077253853,0.074081119,0.072000189,0.019521569,0.048678151,0.084568589,0.430587132,0.436166128,0.168406589,0.698727625,0.318,0.091,52.6908692,22.07911092,-2.162615287,1.635858141,-5.960948614,8.160455692,110.9,41290,1506000,161600,27190
2017-01-15,41.93409991,245.5068237,0.013823945,16540,0.271356522,0.280407712,0.205379037,0,0.077253853,0.074081119,0.072000189,0.019521569,0.048678151,0.084568589,0.430587132,0.436166128,0.175585972,0,0.318,0.091,103.7873621,25.65061764,-0.229752955,3.374274292,-3.833678461,8.037619634,530,234200,6711000,1019000,236000
2017-02-15,41.93409991,245.5068237,0.013823945,16540,0.271356522,0.280407712,0.205379037,0,0.077253853,0.074081119,0.072000189,0.019521569,0.048678151,0.084568589,0.430587132,0.436166128,0.207045587,0.023108407,0.318,0.091,46.26762695,46.48599348,3.418392673,8.94277245,-2.10605997,11.6526493,175.4,46760,2961000,194300,33980
2017-03-15,41.93409991,245.5068237,0.013823945,16540,0.271356522,0.280407712,0.205379037,0,0.077253853,0.074081119,0.072000189,0.019521569,0.048678151,0.084568589,0.430587132,0.436166128,0.259415175,2.189412735,0.318,0.091,81.27721688,67.77172606,3.239616736,8.323757779,-1.844903126,15.09911286,96.43,13160,2011000,44840,16300
2017-04-15,41.93409991,245.5068237,0.013823945,16540,0.271356522,0.280407712,0.205379037,0,0.077253853,0.074081119,0.072000189,0.019521569,0.048678151,0.084568589,0.430587132,0.436166128,0.307011172,33.29862072,0.318,0.091,100.4565216,113.6225578,12.24432425,18.43260675,6.056199376,18.70888522,244.2,27250,5303000,97600,74450
2017-05-15,41.93409991,245.5068237,0.013823945,16540,0.325782307,0.363956858,0.067404105,0,0.077253853,0.074081119,0.072000189,0.019521569,0.048678151,0.084568589,0.430587132,0.436166128,0.288474108,5.154038159,0.318,0.091,178.6312027,112.379963,14.67071381,20.30567953,9.035787363,20.00107031,552.4,106000,20640000,361700,294500
2017-06-15,41.93409991,245.5068237,0.013823945,16540,0.325782307,0.363956858,0.067404105,0,0.077253853,0.074081119,0.072000189,0.019521569,0.048678151,0.084568589,0.430587132,0.436166128,1.71671233,25.07391656,0.318,0.091,105.1828717,151.7188139,21.19552862,27.42107168,14.96977928,22.70217421,132.2,27650,2305000,65730,25890
2017-07-15,41.93409991,245.5068237,0.013823945,16540,0.325782307,0.363956858,0.067404105,0,0.077253853,0.074081119,0.072000189,0.019521569,0.048678151,0.084568589,0.430587132,0.436166128,3.065949227,0.945872738,0.318,0.091,146.6635407,169.5938425,22.52133165,28.01907372,17.0237595,22.83852233,433.2,80960,1864000,247500,188200
2017-08-15,41.93409991,245.5068237,0.013823945,16540,0.325782307,0.363956858,0.067404105,0,0.077253853,0.074081119,0.072000189,0.019521569,0.048678151,0.084568589,0.430587132,0.436166128,2.132809529,2.247881444,0.318,0.091,60.96732181,155.5504361,20.45364887,26.55285475,14.35453265,21.54170482,20.1,2755,46150,3866,814.6
2017-09-15,41.93409991,245.5068237,0.013823945,16540,0.325782307,0.363956858,0.067404105,0,0.077253853,0.074081119,0.072000189,0.019521569,0.048678151,0.084568589,0.430587132,0.436166128,0.635708282,0.163120991,0.318,0.091,48.15636683,137.5376846,18.9167746,25.23830771,12.59515386,18.65593846,16.31,1921,63430,2786,468.6
2017-10-15,41.93409991,245.5068237,0.013823945,16540,0.287810728,0.326072621,0.143259922,0,0.077253853,0.074081119,0.072000189,0.019521569,0.048678151,0.084568589,0.430587132,0.436166128,0.14161874,16.80428398,0.318,0.091,70.51688178,84.02462647,13.67439575,19.23406822,8.114850137,13.14004825,7.641,827.5,35590,1042,92.14
2017-11-15,41.93409991,245.5068237,0.013823945,16540,0.287810728,0.326072621,0.143259922,0,0.077253853,0.074081119,0.072000189,0.019521569,0.048678151,0.084568589,0.430587132,0.436166128,0.141685991,8.994813674,0.318,0.091,138.7721081,44.95601392,4.604985808,9.335509197,-0.125306939,10.21789831,302.2,70410,4703000,194700,115000
2017-12-15,41.93409991,245.5068237,0.013823945,16540,0.287810728,0.326072621,0.143259922,0,0.077253853,0.074081119,0.072000189,0.019521569,0.048678151,0.084568589,0.430587132,0.436166128,0.056057174,2.388851882,0.318,0.091,25.03261568,24.31227103,-2.936297819,1.339842946,-7.212274879,8.485665255,32.55,7056,540800,12150,1887
2018-01-15,41.93409991,245.5068237,0.013823945,16540,0.287810728,0.326072621,0.143259922,0,0.077253853,0.074081119,0.072000189,0.019521569,0.048678151,0.084568589,0.430587132,0.436166128,0.056139882,0,0.318,0.091,33.55724634,20.69798019,-4.651911974,-0.245327996,-9.058116626,8.626936012,128.1,64480,2435000,252100,24540
2018-02-15,41.93409991,245.5068237,0.013823945,16540,0.287810728,0.326072621,0.143259922,0,0.077253853,0.074081119,0.072000189,0.019521569,0.048678151,0.084568589,0.430587132,0.436166128,0.056870868,0.006290453,0.318,0.091,99.89344145,20.41115013,-0.488959703,4.297401692,-5.275449106,10.40391159,502.1,146400,6715000,767300,321900
2018-03-15,41.93409991,245.5068237,0.013823945,16540,0.287810728,0.326072621,0.143259922,0,0.077253853,0.074081119,0.072000189,0.019521569,0.048678151,0.084568589,0.430587132,0.436166128,0.05912686,5.331236835,0.318,0.091,78.08187026,65.24132004,1.919789412,6.951418245,-3.112001155,16.4000118,248.8,40980,5851000,153000,101300
2018-04-15,41.93409991,245.5068237,0.013823945,16540,0.287810728,0.326072621,0.143259922,0,0.077253853,0.074081119,0.072000189,0.019521569,0.048678151,0.084568589,0.430587132,0.436166128,0.061383775,31.63068119,0.318,0.091,72.2400623,85.17339353,5.977123791,11.86577089,0.08857465,17.51686164,257.9,25320,5811000,85550,74540
2018-05-15,41.93409991,245.5068237,0.013823945,16540,0.298884097,0.458026759,0.000232415,0,0.077253853,0.074081119,0.072000189,0.019521569,0.048678151,0.084568589,0.430587132,0.436166128,0.328674642,5.581816476,0.318,0.091,107.6922307,138.6792208,18.94110245,25.38190981,12.49988754,21.14576549,193.4,37980,6001000,122900,46260
2018-06-15,41.93409991,245.5068237,0.013823945,16540,0.298884097,0.458026759,0.000232415,0,0.077253853,0.074081119,0.072000189,0.019521569,0.048678151,0.084568589,0.430587132,0.436166128,2.079018337,21.99746109,0.318,0.091,141.2193059,156.0617549,21.8528701,26.97489697,16.73091278,21.95296093,257.1,47760,5770000,137700,93130
2018-07-15,41.93409991,245.5068237,0.013823945,16540,0.298884097,0.458026759,0.000232415,0,0.077253853,0.074081119,0.072000189,0.019521569,0.048678151,0.084568589,0.430587132,0.436166128,2.923690468,1.257194508,0.318,0.091,59.85365855,194.1643546,23.08960182,28.99894887,17.18052572,24.21921081,44.69,10870,500200,19260,5072
2018-08-15,41.93409991,245.5068237,0.013823945,16540,0.298884097,0.458026759,0.000232415,0,0.077253853,0.074081119,0.072000189,0.019521569,0.048678151,0.084568589,0.430587132,0.436166128,1.160977062,2.381937184,0.318,0.091,152.0228006,155.9685701,22.91603423,28.21978611,17.61195865,20.63297985,103.4,19770,1143000,62190,18550
2018-09-15,41.93409991,245.5068237,0.013823945,16540,0.298884097,0.458026759,0.000232415,0,0.077253853,0.074081119,0.072000189,0.019521569,0.048678151,0.084568589,0.430587132,0.436166128,0.245193532,0.168297934,0.318,0.091,63.38311,134.8941552,20.15552244,25.55805488,14.75279163,18.44791155,27.86,4235,174100,7980,1370
2018-10-15,41.93409991,245.5068237,0.013823945,16540,0.260365785,0.364830111,0.131947375,0,0.077253853,0.074081119,0.072000189,0.019521569,0.048678151,0.084568589,0.430587132,0.436166128,0.170460351,11.74029286,0.318,0.091,83.14708177,85.77116921,11.49619883,17.03099486,5.961737964,13.96558191,56.24,7598,498600,18780,6575
2018-11-15,41.93409991,245.5068237,0.013823945,16540,0.260365785,0.364830111,0.131947375,0,0.077253853,0.074081119,0.072000189,0.019521569,0.048678151,0.084568589,0.430587132,0.436166128,0.184804223,8.71847614,0.318,0.091,104.9466277,30.32970453,1.766087366,4.982611961,-1.450188036,9.347555654,317.1,59480,5242000,2.00E+05,109600
2018-12-15,41.93409991,245.5068237,0.013823945,16540,0.260365785,0.364830111,0.131947375,0,0.077253853,0.074081119,0.072000189,0.019521569,0.048678151,0.084568589,0.430587132,0.436166128,0.079658218,0.896246616,0.318,0.091,54.61902456,32.03123227,0.70120595,4.606406425,-3.204152755,8.294796942,190.4,48560,3197000,195000,45160
2019-01-15,41.93409991,245.5068237,0.013823945,16540,0.260365785,0.364830111,0.131947375,0,0.077253853,0.074081119,0.072000189,0.019521569,0.048678151,0.084568589,0.430587132,0.436166128,0.080316385,0,0.318,0.091,67.87072992,24.44176668,-4.686235015,-0.269122653,-9.103699718,8.300524557,186.2,47670,3875000,218500,54520
2019-02-15,41.93409991,245.5068237,0.013823945,16540,0.260365785,0.364830111,0.131947375,0,0.077253853,0.074081119,0.072000189,0.019521569,0.048678151,0.084568589,0.430587132,0.436166128,0.082273422,0.023108407,0.318,0.091,65.51118188,20.67336777,-2.18785277,2.188761298,-6.56429767,10.4140351,336.6,155400,3128000,819200,96470
2019-03-15,41.93409991,245.5068237,0.013823945,16540,0.260365785,0.364830111,0.131947375,0,0.077253853,0.074081119,0.072000189,0.019521569,0.048678151,0.084568589,0.430587132,0.436166128,0.0939892,1.993135119,0.318,0.091,89.17977671,55.23324149,1.119288014,6.415896849,-4.177346101,15.71412942,396.6,144400,5774000,767800,161600
2019-04-15,41.93409991,245.5068237,0.013823945,16540,0.260365785,0.364830111,0.131947375,0,0.077253853,0.074081119,0.072000189,0.019521569,0.048678151,0.084568589,0.430587132,0.436166128,0.169825641,35.69903084,0.318,0.091,142.4006919,87.92505205,9.446704989,14.95673171,3.936785052,17.79353507,467.3,62640,12110000,226100,228900
2019-05-15,41.93409991,245.5068237,0.013823945,16540,0.346616276,0.354667851,0.055859144,0,0.077253853,0.074081119,0.072000189,0.019521569,0.048678151,0.084568589,0.430587132,0.436166128,0.277312372,5.049302269,0.318,0.091,158.390567,94.66012986,15.21356098,20.61696888,9.810245956,18.42541312,529.8,90430,14370000,310200,236100
2019-06-15,41.93409991,245.5068237,0.013823945,16540,0.346616276,0.354667851,0.055859144,0,0.077253853,0.074081119,0.072000189,0.019521569,0.048678151,0.084568589,0.430587132,0.436166128,1.588255153,27.01878073,0.318,0.091,122.2093643,151.3226424,20.24053157,25.70838145,14.77265984,21.66883651,353.9,69320,7871000,223200,119100
2019-07-15,41.93409991,245.5068237,0.013823945,16540,0.346616276,0.354667851,0.055859144,0,0.077253853,0.074081119,0.072000189,0.019521569,0.048678151,0.084568589,0.430587132,0.436166128,3.13171665,0.96556934,0.318,0.091,133.4549229,179.3171705,24.59138221,30.2937329,18.88911468,22.90566323,131.2,23650,636400,61800,21710
2019-08-15,41.93409991,245.5068237,0.013823945,16540,0.346616276,0.354667851,0.055859144,0,0.077253853,0.074081119,0.072000189,0.019521569,0.048678151,0.084568589,0.430587132,0.436166128,1.747386202,1.78606043,0.318,0.091,101.4140652,155.0033885,21.61733416,27.38422823,15.85063278,21.39939169,57.85,8788,193200,20930,5663
2019-09-15,41.93409991,245.5068237,0.013823945,16540,0.346616276,0.354667851,0.055859144,0,0.077253853,0.074081119,0.072000189,0.019521569,0.048678151,0.084568589,0.430587132,0.436166128,0.393594322,0.163120991,0.318,0.091,77.48651605,134.7955317,20.3341654,26.0918059,14.57646654,18.33282402,35.54,3908,115400,8934,2869
2019-10-15,41.93409991,245.5068237,0.013823945,16540,0.302952967,0.248811266,0.205379037,0,0.077253853,0.074081119,0.072000189,0.019521569,0.048678151,0.084568589,0.430587132,0.436166128,0.194013319,15.49287345,0.318,0.091,87.66130604,94.1828572,12.3668066,18.3012345,6.432439916,14.36985019,64.23,9309,510100,26210,9178
2019-11-15,41.93409991,245.5068237,0.013823945,16540,0.302952967,0.248811266,0.205379037,0,0.077253853,0.074081119,0.072000189,0.019521569,0.048678151,0.084568589,0.430587132,0.436166128,0.208563465,8.759735934,0.318,0.091,39.07289949,55.41894002,2.186239211,6.802705194,-2.430017562,11.39346071,81.03,12470,986200,32720,12030
2019-12-15,41.93409991,245.5068237,0.013823945,16540,0.302952967,0.248811266,0.205379037,0,0.077253853,0.074081119,0.072000189,0.019521569,0.048678151,0.084568589,0.430587132,0.436166128,0.099729865,2.335797312,0.318,0.091,68.89107819,39.02808249,1.340414702,5.863448264,-3.182512306,8.613239207,83.63,12900,1333000,40460,20290
2020-01-15,41.93409991,245.5068237,0.013823945,16540,0.302952967,0.248811266,0.205379037,0,0.077253853,0.074081119,0.072000189,0.019521569,0.048678151,0.084568589,0.430587132,0.436166128,0.103922652,0,0.318,0.091,94.65859564,31.63486315,0.225044434,3.707440354,-3.257198862,8.480538914,394.9,71790,8062000,297500,168700
2020-02-15,41.93409991,245.5068237,0.013823945,16540,0.302952967,0.248811266,0.205379037,0,0.077253853,0.074081119,0.072000189,0.019521569,0.048678151,0.084568589,0.430587132,0.436166128,0.105370916,1.254500821,0.318,0.091,50.52888567,24.71602659,-1.042359846,3.166355959,-5.251071358,11.07797663,166,49760,1946000,189700,26360
2020-03-15,41.93409991,245.5068237,0.013823945,16540,0.302952967,0.248811266,0.205379037,0,0.077253853,0.074081119,0.072000189,0.019521569,0.048678151,0.084568589,0.430587132,0.436166128,0.159430971,3.636384992,0.318,0.091,99.18820738,63.21832497,5.296964037,10.25919999,0.334764687,13.95244696,340.4,64970,6551000,257200,106800
2020-04-15,41.93409991,245.5068237,0.013823945,16540,0.302952967,0.248811266,0.205379037,0,0.077253853,0.074081119,0.072000189,0.019521569,0.048678151,0.084568589,0.430587132,0.436166128,0.218120078,31.98164201,0.318,0.091,62.50405299,82.95923114,7.834073393,13.80809163,1.860021471,17.45477521,152.5,17440,2692000,54470,30820
2020-05-15,41.93409991,245.5068237,0.013823945,16540,0.290464079,0.393015115,0.073664077,0,0.077253853,0.074081119,0.072000189,0.019521569,0.048678151,0.084568589,0.430587132,0.436166128,0.286968801,5.848360039,0.318,0.091,124.2216559,120.9980837,14.49558142,20.05386606,8.937199825,21.44278457,325.7,87390,9149000,296300,170500
2020-06-15,41.93409991,245.5068237,0.013823945,16540,0.290464079,0.393015115,0.073664077,0,0.077253853,0.074081119,0.072000189,0.019521569,0.048678151,0.084568589,0.430587132,0.436166128,1.742158626,22.25998296,0.318,0.091,52.10128053,165.9931599,21.70365779,28.18121058,15.22603804,24.1890172,44.18,8673,695600,15120,3469
2020-07-15,41.93409991,245.5068237,0.013823945,16540,0.290464079,0.393015115,0.073664077,0,0.077253853,0.074081119,0.072000189,0.019521569,0.048678151,0.084568589,0.430587132,0.436166128,2.998778946,0.991274893,0.318,0.091,72.64831327,197.1338668,24.86044238,31.04257858,18.67814158,24.75250914,21.96,4145,161200,6361,804.7
2020-08-15,41.93409991,245.5068237,0.013823945,16540,0.290464079,0.393015115,0.073664077,0,0.077253853,0.074081119,0.072000189,0.019521569,0.048678151,0.084568589,0.430587132,0.436166128,1.381827414,2.207106259,0.318,0.091,77.90022882,169.7441653,22.13632077,28.58507078,15.68755386,21.90962555,13.89,2470,48980,3414,374.8
2020-09-15,41.93409991,245.5068237,0.013823945,16540,0.290464079,0.393015115,0.073664077,0,0.077253853,0.074081119,0.072000189,0.019521569,0.048678151,0.084568589,0.430587132,0.436166128,0.367708799,0.158487623,0.318,0.091,60.32513648,137.8373452,17.70174399,24.16501272,11.23854756,19.42000461,25.73,4504,140500,6900,1426
2020-10-15,41.93409991,245.5068237,0.013823945,16540,0.240325867,0.26677155,0.250045854,0,0.077253853,0.074081119,0.072000189,0.019521569,0.048678151,0.084568589,0.430587132,0.436166128,0.184219684,22.48698866,0.318,0.091,97.05043589,84.56819265,10.61249527,16.37048641,4.854482514,13.85263252,29.34,5197,260000,8992,2985
2020-11-15,41.93409991,245.5068237,0.013823945,16540,0.240325867,0.26677155,0.250045854,0,0.077253853,0.074081119,0.072000189,0.019521569,0.048678151,0.084568589,0.430587132,0.436166128,0.298205464,1.313050693,0.318,0.091,68.66253029,68.78203989,7.339766419,13.0220615,1.65737188,10.9286023,69.45,7843,745000,13500,9467
2020-12-15,41.93409991,245.5068237,0.013823945,16540,0.240325867,0.26677155,0.250045854,0,0.077253853,0.074081119,0.072000189,0.019521569,0.048678151,0.084568589,0.430587132,0.436166128,0.215485508,0.704498567,0.318,0.091,26.72978562,36.0540755,0.220904459,4.126406987,-3.684396696,8.822585529,35.58,3822,470000,7076,2710
2021-01-15,41.93409991,245.5068237,0.013823945,16540,0.240325867,0.26677155,0.250045854,0,0.077253853,0.074081119,0.072000189,0.019521569,0.048678151,0.084568589,0.430587132,0.436166128,0.21852191,0,0.318,0.091,43.04402596,27.35966377,-1.291929635,1.639585254,-4.223512085,8.963938429,79.69,33100,2422000,109700,12190
2021-02-15,41.93409991,245.5068237,0.013823945,16540,0.240325867,0.26677155,0.250045854,0,0.077253853,0.074081119,0.072000189,0.019521569,0.048678151,0.084568589,0.430587132,0.436166128,0.219254283,0.023108407,0.318,0.091,36.47267531,14.06428862,-6.008686159,-1.383924973,-10.63382527,11.19583603,31.93,9735,303300,31500,4415
2021-03-15,41.93409991,245.5068237,0.013823945,16540,0.240325867,0.26677155,0.250045854,0,0.077253853,0.074081119,0.072000189,0.019521569,0.048678151,0.084568589,0.430587132,0.436166128,0.293987122,2.693369162,0.318,0.091,63.55696449,95.38546229,6.263572727,13.28381273,-0.756642536,16.22709508,235.8,81690,4398000,292800,58500
2021-04-15,41.93409991,245.5068237,0.013823945,16540,0.240325867,0.26677155,0.250045854,0,0.077253853,0.074081119,0.072000189,0.019521569,0.048678151,0.084568589,0.430587132,0.436166128,0.425538969,32.9117388,0.318,0.091,67.93649819,107.7863735,10.25253014,16.60519085,3.89987445,18.98647349,49.7,5985,1014000,11630,4452
2021-05-15,41.93409991,245.5068237,0.013823945,16540,0.318246966,0.33813793,0.100758375,0,0.077253853,0.074081119,0.072000189,0.019521569,0.048678151,0.084568589,0.430587132,0.436166128,0.390905002,4.803957753,0.318,0.091,94.06976231,131.6935972,14.64342181,20.98110869,8.305775603,20.90609765,219.7,34260,9310000,106000,79510
2021-06-15,41.93409991,245.5068237,0.013823945,16540,0.318246966,0.33813793,0.100758375,0,0.077253853,0.074081119,0.072000189,0.019521569,0.048678151,0.084568589,0.430587132,0.436166128,1.82695846,24.79979568,0.318,0.091,117.4201445,144.1413203,22.26864396,27.69590469,16.84163233,21.85282157,105.6,18200,2511000,40400,15850
2021-07-15,41.93409991,245.5068237,0.013823945,16540,0.318246966,0.33813793,0.100758375,0,0.077253853,0.074081119,0.072000189,0.019521569,0.048678151,0.084568589,0.430587132,0.436166128,3.044167457,1.262677425,0.318,0.091,150.0857256,156.3955234,22.77503899,27.91998598,17.62996401,21.03331567,277.7,49510,2499000,158700,81780
2021-08-15,41.93409991,245.5068237,0.013823945,16540,0.318246966,0.33813793,0.100758375,0,0.077253853,0.074081119,0.072000189,0.019521569,0.048678151,0.084568589,0.430587132,0.436166128,1.483487621,2.381637607,0.318,0.091,79.53401418,174.7850431,23.54637986,29.33288156,17.76000222,21.21417276,43.11,7033,213400,13350,3084
2021-09-15,41.93409991,245.5068237,0.013823945,16540,0.318246966,0.33813793,0.100758375,0,0.077253853,0.074081119,0.072000189,0.019521569,0.048678151,0.084568589,0.430587132,0.436166128,0.285752128,0.163120991,0.318,0.091,121.8078218,138.5086378,19.60441005,26.00089148,13.20796144,19.05770009,114.8,18330,781100,63790,33220
2021-10-15,41.93409991,245.5068237,0.013823945,16540,0.275842952,0.242567012,0.238733307,0,0.077253853,0.074081119,0.072000189,0.019521569,0.048678151,0.084568589,0.430587132,0.436166128,0.162178381,13.00057621,0.318,0.091,168.9332919,81.25875189,15.03944675,19.94566922,10.13317097,12.5035597,383.4,53100,3947000,182100,172100
2021-11-15,41.93409991,245.5068237,0.013823945,16540,0.275842952,0.242567012,0.238733307,0,0.077253853,0.074081119,0.072000189,0.019521569,0.048678151,0.084568589,0.430587132,0.436166128,0.186146621,9.449733932,0.318,0.091,29.21370438,50.61421679,4.287588689,9.221812081,-0.646469334,10.69738594,113.3,14640,1008000,39750,22620
2021-12-15,41.93409991,245.5068237,0.013823945,16540,0.275842952,0.242567012,0.238733307,0,0.077253853,0.074081119,0.072000189,0.019521569,0.048678151,0.084568589,0.430587132,0.436166128,0.108739796,2.498299096,0.318,0.091,91.20505997,34.74370999,3.114380378,7.658016243,-1.429355471,8.037757708,268,33610,4563000,123600,75210
